<?xml version="1.0" encoding="utf-8" ?>
<!DOCTYPE article PUBLIC "-//NLM//DTD JATS (Z39.96) Journal Archiving
and Interchange DTD v1.2 20190208//EN" "JATS-archivearticle1.dtd">

<article xmlns:mml="http://www.w3.org/1998/Math/MathML" xmlns:xlink="http://www.w3.org/1999/xlink" dtd-version="1.2" article-type="other">

<front>


<article-meta>


<title-group>
<article-title>projectname</article-title>
</title-group>

<contrib-group>
<contrib contrib-type="author" corresp="yes">
<name>
<surname>Doe</surname>
<given-names>Jane</given-names>
</name>
<string-name>Jane Doe</string-name>

<role vocab="https://credit.niso.org" vocab-term="writing – original
draft" vocab-term-identifier="https://credit.niso.org/contributor-roles/writing-original-draft/">writing</role>
<xref ref-type="aff" rid="aff-1">a</xref>
<xref ref-type="corresp" rid="cor-1">&#x002A;</xref>
</contrib>
</contrib-group>
<aff id="aff-1">
<institution-wrap>
<institution>Aarhus University</institution>
</institution-wrap>







</aff>
<author-notes>
<corresp id="cor-1"></corresp>
</author-notes>









<history></history>






</article-meta>

</front>

<body>
<sec id="abstract">
  <title>Abstract</title>
  <p>Lorem ipsum dolor sit amet, consectetur adipiscing elit. Duis
  sagittis posuere ligula sit amet lacinia. Duis dignissim pellentesque
  magna, rhoncus congue sapien finibus mollis. Ut eu sem laoreet,
  vehicula ipsum in, convallis erat. Vestibulum magna sem, blandit
  pulvinar augue sit amet, auctor malesuada sapien. Nullam faucibus leo
  eget eros hendrerit, non laoreet ipsum lacinia. Curabitur cursus diam
  elit, non tempus ante volutpat a. Quisque hendrerit blandit purus non
  fringilla. Integer sit amet elit viverra ante dapibus semper.
  Vestibulum viverra rutrum enim, at luctus enim posuere eu. Orci varius
  natoque penatibus et magnis dis parturient montes, nascetur ridiculus
  mus.</p>
</sec>
<sec id="introduction">
  <title>Introduction</title>
  <sec id="subsection">
    <title>Subsection</title>
    <sec id="subsubsection">
      <title>Subsubsection</title>
    </sec>
  </sec>
</sec>
<sec id="results">
  <title>Results</title>
  <fig id="fig-danish-interaction">
    <caption><p>Figure 1: Interaction among Danes: How Danes interact is
    has very little to do with age and seniority, compared to most other
    contries.</p></caption>
    <graphic mimetype="image" mime-subtype="png" xlink:href="index_files/figure-jats/..-notebooks-example-fig-danish-interaction-output-1.png" />
  </fig>
</sec>
<sec id="methods">
  <title>Methods</title>
  <p>The 24 subjects from workplaces in Denmark were interviewed …. blah
  blah blah blah blah blah blah blah blah blah blah blah blah blah blah
  blah blah blah blah blah blah blah blah blah blah blah blah blah blah
  blah blah blah blah blah blah blah</p>
  <disp-quote>
    <p>lkajs dflkajsd flakjsdf laksdjf alskdfj</p>
  </disp-quote>
</sec>
</body>

<back>
</back>



</article>