<?xml version="1.0" encoding="utf-8" ?>
<!DOCTYPE article PUBLIC "-//NLM//DTD JATS (Z39.96) Journal Archiving
and Interchange DTD v1.2 20190208//EN" "JATS-archivearticle1.dtd">

<article xmlns:mml="http://www.w3.org/1998/Math/MathML" xmlns:xlink="http://www.w3.org/1999/xlink" dtd-version="1.2" article-type="other">

<front>


<article-meta>


<title-group>
<article-title>Title of my thesis</article-title>
<subtitle>Some subtitle for my thesis</subtitle>
</title-group>

<contrib-group>
<contrib contrib-type="author" corresp="yes">
<name>
<surname>Name</surname>
<given-names>Your</given-names>
</name>
<string-name>Your Name</string-name>

<role vocab="https://credit.niso.org" vocab-term="writing – original
draft" vocab-term-identifier="https://credit.niso.org/contributor-roles/writing-original-draft/">writing</role>
<xref ref-type="aff" rid="aff-1">a</xref>
<xref ref-type="corresp" rid="cor-1">&#x002A;</xref>
</contrib>
</contrib-group>
<aff id="aff-1">
<institution-wrap>
<institution>Aarhus University</institution>
</institution-wrap>







</aff>
<author-notes>
<corresp id="cor-1"></corresp>
</author-notes>









<history></history>


<abstract>
<p>Blah blah blah blah blah blah blah blah blah blah blah blah blah blah
blah blah blah blah blah blah blah blah blah blah blah blah blah blah
blah blah blah blah blah blah blah blah blah blah blah blah blah blah
blah blah blah blah blah blah blah blah blah blah blah blah blah blah
blah blah blah blah blah blah blah blah blah blah blah blah blah blah
blah blah blah blah blah blah blah blah blah blah blah blah blah. Blah
blah blah blah blah blah blah blah blah blah blah blah blah blah blah
blah blah blah blah blah blah blah blah blah blah blah blah blah blah
blah blah blah blah blah blah blah blah blah blah blah blah blah blah
blah blah blah blah blah blah blah blah blah blah blah blah blah blah
blah blah blah blah blah blah blah blah blah blah blah blah blah blah
blah blah blah blah blah blah blah blah blah blah blah blah.</p>
</abstract>
<kwd-group kwd-group-type="author">
<kwd>Blah blah</kwd>
<kwd>Blah blah</kwd>
<kwd>Blah blah</kwd>
</kwd-group>




</article-meta>

</front>

<body>
<sec id="introduction">
  <title>Introduction</title>
  <p>Blah blah blah blah blah blah blah blah blah blah blah blah blah
  blah blah blah blah blah blah blah blah blah blah blah blah blah blah
  blah blah blah blah blah blah blah blah blah blah blah blah blah blah
  blah blah blah blah blah blah blah blah blah blah blah blah blah blah
  blah blah blah blah blah blah blah blah blah blah blah blah blah blah
  blah blah blah blah blah blah blah blah blah blah blah blah blah
  blah.</p>
</sec>
<sec id="methods">
  <title>Methods</title>
  <p>Blah blah blah blah blah blah blah blah blah blah blah blah blah
  blah blah blah blah blah blah blah blah blah blah blah blah blah blah
  blah blah blah blah blah blah blah blah blah blah blah blah blah blah
  blah blah blah blah blah blah blah blah blah blah blah blah blah blah
  blah blah blah blah blah blah blah blah blah blah blah blah blah blah
  blah blah blah blah blah blah blah blah.</p>
  <sec id="sampling">
    <title>Sampling</title>
    <p><xref alt="Table 1" rid="tbl-subjects">Table 1</xref> lists the
    samples included in the analysis. Blah blah blah blah blah blah blah
    blah blah blah blah blah blah blah blah blah blah blah blah blah
    blah blah blah blah blah blah blah blah blah blah blah blah blah
    blah blah blah blah blah blah blah blah.</p>
    <fig id="tbl-subjects">
      <caption><p>Table 1: People included in the
      analysis.</p></caption>
      <table-wrap>
        <table id="T_e468d">
          <thead>
            <tr>
              <th id="T_e468d_level0_col0">name</th>
              <th id="T_e468d_level0_col1">age</th>
              <th id="T_e468d_level0_col2">sex</th>
              <th id="T_e468d_level0_col3">position</th>
              <th id="T_e468d_level0_col4">nationality</th>
            </tr>
          </thead>
          <tbody>
            <tr>
              <td id="T_e468d_row0_col0">Julie</td>
              <td id="T_e468d_row0_col1">27</td>
              <td id="T_e468d_row0_col2">F</td>
              <td id="T_e468d_row0_col3">PhDstudent</td>
              <td id="T_e468d_row0_col4">DK</td>
            </tr>
            <tr>
              <td id="T_e468d_row1_col0">Thomas</td>
              <td id="T_e468d_row1_col1">33</td>
              <td id="T_e468d_row1_col2">M</td>
              <td id="T_e468d_row1_col3">Postdoc</td>
              <td id="T_e468d_row1_col4">GB</td>
            </tr>
            <tr>
              <td id="T_e468d_row2_col0">Emilie</td>
              <td id="T_e468d_row2_col1">23</td>
              <td id="T_e468d_row2_col2">F</td>
              <td id="T_e468d_row2_col3">PhDstudent</td>
              <td id="T_e468d_row2_col4">CH</td>
            </tr>
            <tr>
              <td id="T_e468d_row3_col0">Sofie</td>
              <td id="T_e468d_row3_col1">31</td>
              <td id="T_e468d_row3_col2">F</td>
              <td id="T_e468d_row3_col3">Postdoc</td>
              <td id="T_e468d_row3_col4">DK</td>
            </tr>
            <tr>
              <td id="T_e468d_row4_col0">Sara</td>
              <td id="T_e468d_row4_col1">29</td>
              <td id="T_e468d_row4_col2">F</td>
              <td id="T_e468d_row4_col3">Postdoc</td>
              <td id="T_e468d_row4_col4">US</td>
            </tr>
            <tr>
              <td id="T_e468d_row5_col0">Cecilie</td>
              <td id="T_e468d_row5_col1">34</td>
              <td id="T_e468d_row5_col2">F</td>
              <td id="T_e468d_row5_col3">Postdoc</td>
              <td id="T_e468d_row5_col4">DK</td>
            </tr>
            <tr>
              <td id="T_e468d_row6_col0">Anders</td>
              <td id="T_e468d_row6_col1">32</td>
              <td id="T_e468d_row6_col2">M</td>
              <td id="T_e468d_row6_col3">PhDstudent</td>
              <td id="T_e468d_row6_col4">UK</td>
            </tr>
            <tr>
              <td id="T_e468d_row7_col0">Emma</td>
              <td id="T_e468d_row7_col1">42</td>
              <td id="T_e468d_row7_col2">F</td>
              <td id="T_e468d_row7_col3">Professor</td>
              <td id="T_e468d_row7_col4">DK</td>
            </tr>
            <tr>
              <td id="T_e468d_row8_col0">Caroline</td>
              <td id="T_e468d_row8_col1">31</td>
              <td id="T_e468d_row8_col2">F</td>
              <td id="T_e468d_row8_col3">PhDstudent</td>
              <td id="T_e468d_row8_col4">DK</td>
            </tr>
            <tr>
              <td id="T_e468d_row9_col0">Laura</td>
              <td id="T_e468d_row9_col1">30</td>
              <td id="T_e468d_row9_col2">F</td>
              <td id="T_e468d_row9_col3">Postdoc</td>
              <td id="T_e468d_row9_col4">DK</td>
            </tr>
            <tr>
              <td id="T_e468d_row10_col0">Mikkel</td>
              <td id="T_e468d_row10_col1">33</td>
              <td id="T_e468d_row10_col2">M</td>
              <td id="T_e468d_row10_col3">Postdoc</td>
              <td id="T_e468d_row10_col4">NL</td>
            </tr>
            <tr>
              <td id="T_e468d_row11_col0">Jens</td>
              <td id="T_e468d_row11_col1">27</td>
              <td id="T_e468d_row11_col2">M</td>
              <td id="T_e468d_row11_col3">PhDstudent</td>
              <td id="T_e468d_row11_col4">DK</td>
            </tr>
            <tr>
              <td id="T_e468d_row12_col0">Andreas</td>
              <td id="T_e468d_row12_col1">29</td>
              <td id="T_e468d_row12_col2">M</td>
              <td id="T_e468d_row12_col3">PhDstudent</td>
              <td id="T_e468d_row12_col4">DK</td>
            </tr>
            <tr>
              <td id="T_e468d_row13_col0">Jakob</td>
              <td id="T_e468d_row13_col1">28</td>
              <td id="T_e468d_row13_col2">M</td>
              <td id="T_e468d_row13_col3">PhDstudent</td>
              <td id="T_e468d_row13_col4">DK</td>
            </tr>
            <tr>
              <td id="T_e468d_row14_col0">Mathilde</td>
              <td id="T_e468d_row14_col1">61</td>
              <td id="T_e468d_row14_col2">F</td>
              <td id="T_e468d_row14_col3">Professor</td>
              <td id="T_e468d_row14_col4">DK</td>
            </tr>
            <tr>
              <td id="T_e468d_row15_col0">Katrine</td>
              <td id="T_e468d_row15_col1">35</td>
              <td id="T_e468d_row15_col2">F</td>
              <td id="T_e468d_row15_col3">Postdoc</td>
              <td id="T_e468d_row15_col4">DK</td>
            </tr>
            <tr>
              <td id="T_e468d_row16_col0">Poul</td>
              <td id="T_e468d_row16_col1">30</td>
              <td id="T_e468d_row16_col2">M</td>
              <td id="T_e468d_row16_col3">Postdoc</td>
              <td id="T_e468d_row16_col4">DK</td>
            </tr>
            <tr>
              <td id="T_e468d_row17_col0">Anna</td>
              <td id="T_e468d_row17_col1">26</td>
              <td id="T_e468d_row17_col2">F</td>
              <td id="T_e468d_row17_col3">PhDstudent</td>
              <td id="T_e468d_row17_col4">DK</td>
            </tr>
            <tr>
              <td id="T_e468d_row18_col0">Peter</td>
              <td id="T_e468d_row18_col1">42</td>
              <td id="T_e468d_row18_col2">M</td>
              <td id="T_e468d_row18_col3">Professor</td>
              <td id="T_e468d_row18_col4">GB</td>
            </tr>
            <tr>
              <td id="T_e468d_row19_col0">Ida</td>
              <td id="T_e468d_row19_col1">53</td>
              <td id="T_e468d_row19_col2">F</td>
              <td id="T_e468d_row19_col3">Postdoc</td>
              <td id="T_e468d_row19_col4">DK</td>
            </tr>
            <tr>
              <td id="T_e468d_row20_col0">Freja</td>
              <td id="T_e468d_row20_col1">30</td>
              <td id="T_e468d_row20_col2">F</td>
              <td id="T_e468d_row20_col3">Postdoc</td>
              <td id="T_e468d_row20_col4">DK</td>
            </tr>
            <tr>
              <td id="T_e468d_row21_col0">Maria</td>
              <td id="T_e468d_row21_col1">39</td>
              <td id="T_e468d_row21_col2">F</td>
              <td id="T_e468d_row21_col3">Professor</td>
              <td id="T_e468d_row21_col4">UK</td>
            </tr>
            <tr>
              <td id="T_e468d_row22_col0">Amalie</td>
              <td id="T_e468d_row22_col1">29</td>
              <td id="T_e468d_row22_col2">F</td>
              <td id="T_e468d_row22_col3">PhDstudent</td>
              <td id="T_e468d_row22_col4">DK</td>
            </tr>
            <tr>
              <td id="T_e468d_row23_col0">Camilla</td>
              <td id="T_e468d_row23_col1">35</td>
              <td id="T_e468d_row23_col2">F</td>
              <td id="T_e468d_row23_col3">Postdoc</td>
              <td id="T_e468d_row23_col4">DK</td>
            </tr>
          </tbody>
        </table>
      </table-wrap>
    </fig>
    <p>The 24 subjects from workplaces in Denmark were interviewed ….
    blah blah blah blah blah blah blah blah blah blah blah blah blah
    blah blah blah blah blah blah blah blah blah blah blah blah blah
    blah blah blah blah blah blah blah blah blah blah</p>
    <p>Blah blah blah blah blah blah blah blah blah blah blah blah blah
    blah blah blah blah blah blah blah blah blah blah blah blah blah
    blah blah blah blah blah blah blah blah blah blah blah blah blah
    blah blah.</p>
  </sec>
  <sec id="statistical-analysis">
    <title>Statistical analysis</title>
    <p>Blah blah blah blah blah blah blah blah blah blah blah blah blah
    blah blah blah blah blah blah blah blah blah blah blah blah blah
    blah blah blah blah blah blah blah blah blah blah blah blah blah
    blah blah blah blah blah blah blah blah blah blah blah blah blah
    blah blah blah blah blah blah blah blah blah blah blah blah blah
    blah blah blah blah blah blah blah blah blah blah blah blah.</p>
    <sec id="clustering">
      <title>Clustering</title>
      <p>Blah blah blah blah blah blah blah blah blah blah blah blah
      blah blah blah blah blah blah blah blah blah blah blah blah blah
      blah blah blah blah blah blah blah blah blah blah blah blah blah
      blah blah blah blah blah blah blah blah blah blah blah blah blah
      blah blah blah blah blah blah blah blah blah blah blah blah blah
      blah blah blah blah blah blah blah blah blah blah blah blah
      blah.</p>
    </sec>
    <sec id="linear-models">
      <title>Linear models</title>
      <p>Blah blah blah blah blah blah blah blah blah blah blah blah
      blah blah blah blah blah blah blah blah blah blah blah blah blah
      blah blah blah blah blah blah blah blah blah blah blah blah blah
      blah blah blah blah blah blah blah blah blah blah blah blah blah
      blah blah blah blah blah blah blah blah blah blah blah blah blah
      blah blah blah blah blah blah blah blah blah blah blah blah
      blah.</p>
    </sec>
  </sec>
</sec>
<sec id="results">
  <title>Results</title>
  <p>As shown in
  <xref alt="Figure 1" rid="fig-danish-interaction">Figure 1</xref>,
  blah blah blah blah blah blah blah blah blah blah blah blah blah blah
  blah blah blah blah blah blah blah blah blah blah blah blah blah blah
  blah blah blah blah blah blah blah blah blah blah blah blah blah blah
  blah blah blah.</p>
  <fig id="fig-danish-interaction">
    <caption><p>Figure 1: Interaction among Danes: How Danes interact is
    has very little to do with age and seniority, compared to most other
    contries.</p></caption>
    <graphic mimetype="image" mime-subtype="png" xlink:href="index_files/figure-jats/..-notebooks-example-fig-danish-interaction-output-1.png" />
  </fig>
  <p>As shown in
  <xref alt="Figure 2" rid="fig-meaninformality">Figure 2</xref>, … blah
  blah blah blah blah blah blah blah blah blah blah blah blah blah blah
  blah blah blah blah blah blah blah blah blah blah blah blah blah blah
  blah blah blah blah blah blah blah blah blah blah blah blah blah blah
  blah blah.</p>
  <fig id="fig-meaninformality">
    <caption><p>Figure 2: Mean interaction scores by position and
    nationality.</p></caption>
    <graphic mimetype="image" mime-subtype="png" xlink:href="index_files/figure-jats/..-notebooks-example-fig-meaninformality-output-1.png" />
  </fig>
  <p>Blah blah blah blah blah blah blah blah blah blah blah blah blah
  blah blah blah blah blah blah blah blah blah blah blah blah blah blah
  blah blah blah blah blah blah blah blah blah blah blah blah …
  <xref alt="Table 2" rid="tbl-meaninformality">Table 2</xref> lists the
  mean interaction scores by position and nationality.</p>
  <fig id="tbl-meaninformality">
    <caption><p>Table 2: Mean interaction scores by position and
    nationality.</p></caption>
    <table-wrap>
      <table id="T_da10d">
        <thead>
          <tr>
            <th id="T_da10d_level0_col0">position</th>
            <th id="T_da10d_level0_col1">nationality</th>
            <th id="T_da10d_level0_col2">informality</th>
          </tr>
        </thead>
        <tbody>
          <tr>
            <td id="T_da10d_row0_col0">Professor</td>
            <td id="T_da10d_row0_col1">GB</td>
            <td id="T_da10d_row0_col2">8.380414</td>
          </tr>
          <tr>
            <td id="T_da10d_row1_col0">Postdoc</td>
            <td id="T_da10d_row1_col1">NL</td>
            <td id="T_da10d_row1_col2">8.784014</td>
          </tr>
          <tr>
            <td id="T_da10d_row2_col0">Postdoc</td>
            <td id="T_da10d_row2_col1">GB</td>
            <td id="T_da10d_row2_col2">8.795308</td>
          </tr>
          <tr>
            <td id="T_da10d_row3_col0">Postdoc</td>
            <td id="T_da10d_row3_col1">US</td>
            <td id="T_da10d_row3_col2">8.826106</td>
          </tr>
          <tr>
            <td id="T_da10d_row4_col0">Professor</td>
            <td id="T_da10d_row4_col1">UK</td>
            <td id="T_da10d_row4_col2">9.360650</td>
          </tr>
          <tr>
            <td id="T_da10d_row5_col0">PhDstudent</td>
            <td id="T_da10d_row5_col1">DK</td>
            <td id="T_da10d_row5_col2">9.506580</td>
          </tr>
          <tr>
            <td id="T_da10d_row6_col0">PhDstudent</td>
            <td id="T_da10d_row6_col1">UK</td>
            <td id="T_da10d_row6_col2">10.063141</td>
          </tr>
          <tr>
            <td id="T_da10d_row7_col0">Postdoc</td>
            <td id="T_da10d_row7_col1">DK</td>
            <td id="T_da10d_row7_col2">10.279960</td>
          </tr>
          <tr>
            <td id="T_da10d_row8_col0">PhDstudent</td>
            <td id="T_da10d_row8_col1">CH</td>
            <td id="T_da10d_row8_col2">10.426218</td>
          </tr>
          <tr>
            <td id="T_da10d_row9_col0">Professor</td>
            <td id="T_da10d_row9_col1">DK</td>
            <td id="T_da10d_row9_col2">10.449005</td>
          </tr>
        </tbody>
      </table>
    </table-wrap>
  </fig>
  <sec id="subsubsection">
    <title>Subsubsection</title>
    <p>Blah blah blah blah blah blah blah blah blah blah blah blah blah
    blah blah blah blah blah blah blah blah blah blah blah blah blah
    blah blah blah blah blah blah blah blah blah blah blah blah blah
    blah blah blah blah blah blah blah blah blah blah blah blah blah
    blah blah blah blah blah blah blah blah blah blah blah blah blah
    blah blah blah blah blah blah blah blah blah blah blah blah.</p>
  </sec>
</sec>
<sec id="bon-mot">
  <title>Bon mot</title>
  <disp-quote>
    <p>Nothing in Biology Makes Sense except in the Light of
    Evolution</p>
    <p>- Theodosius Dobzhansky</p>
  </disp-quote>
</sec>
</body>

<back>
</back>



</article>